"RealSetNum","RealRepNum","RepNum","Model","AgentStepTime","NumAgents","Neighbors","FractionInformed","AvoidRadius","AlignRadius","AttractRadius","AlignYIntercept","ObstacleRadius","ObsVisibility","TurnRate","AvoidWeight","AlignWeight","AttractWeight","ObstacleWeight","numCaught","MeanGoalTime","MedianGoalTime","NumSucceed","SuccessRate","meanPersY","meanPersX","whichParam","flockingEscape"
"148","1",1,0,0.01,10,7,1,1,5,10,0.6,1,1,2,1,1,1,1,10,NA,NA,0,0,3.35357176621851,6.3666795417224,"AlignWeight",0
"148","10",2,0,0.01,10,7,1,1,5,10,0.6,1,1,2,1,1,1,1,10,NA,NA,0,0,3.69363053535295,6.53864536486904,"AlignWeight",0
"148","11",3,0,0.01,10,7,1,1,5,10,0.6,1,1,2,1,1,1,1,10,NA,NA,0,0,2.74175854015282,6.46248064648427,"AlignWeight",0
"148","12",4,0,0.01,10,7,1,1,5,10,0.6,1,1,2,1,1,1,1,10,NA,NA,0,0,4.30818712287126,6.65937905413038,"AlignWeight",0
"148","13",5,0,0.01,10,7,1,1,5,10,0.6,1,1,2,1,1,1,1,10,256.129999999912,256.129999999912,1,0.1,3.71020815688815,6.67176140559428,"AlignWeight",0
"148","14",6,0,0.01,10,7,1,1,5,10,0.6,1,1,2,1,1,1,1,10,NA,NA,0,0,3.82583667941511,6.68200526816549,"AlignWeight",0
"148","15",7,0,0.01,10,7,1,1,5,10,0.6,1,1,2,1,1,1,1,10,NA,NA,0,0,3.10054689393212,6.36857988676923,"AlignWeight",0
"148","16",8,0,0.01,10,7,1,1,5,10,0.6,1,1,2,1,1,1,1,10,NA,NA,0,0,3.04100896976319,6.39358716331538,"AlignWeight",0
"148","17",9,0,0.01,10,7,1,1,5,10,0.6,1,1,2,1,1,1,1,10,NA,NA,0,0,2.69873118917931,6.03561879734815,"AlignWeight",0
"148","18",10,0,0.01,10,7,1,1,5,10,0.6,1,1,2,1,1,1,1,10,NA,NA,0,0,2.99854463399778,6.39269444368546,"AlignWeight",0
"148","19",11,0,0.01,10,7,1,1,5,10,0.6,1,1,2,1,1,1,1,10,NA,NA,0,0,3.30372280459627,6.58808771363937,"AlignWeight",0
"148","2",12,0,0.01,10,7,1,1,5,10,0.6,1,1,2,1,1,1,1,10,NA,NA,0,0,2.66387787992643,6.28835587139385,"AlignWeight",0
"148","20",13,0,0.01,10,7,1,1,5,10,0.6,1,1,2,1,1,1,1,10,NA,NA,0,0,3.43629905534184,6.45805513478134,"AlignWeight",0
"148","21",14,0,0.01,10,7,1,1,5,10,0.6,1,1,2,1,1,1,1,10,NA,NA,0,0,3.19179354342589,6.4566507167468,"AlignWeight",0
"148","22",15,0,0.01,10,7,1,1,5,10,0.6,1,1,2,1,1,1,1,10,NA,NA,0,0,2.85768085920315,6.55824608266613,"AlignWeight",0
"148","23",16,0,0.01,10,7,1,1,5,10,0.6,1,1,2,1,1,1,1,10,NA,NA,0,0,2.90910499747919,6.36785513177532,"AlignWeight",0
"148","24",17,0,0.01,10,7,1,1,5,10,0.6,1,1,2,1,1,1,1,10,NA,NA,0,0,3.25783061814938,6.33174305657499,"AlignWeight",0
"148","25",18,0,0.01,10,7,1,1,5,10,0.6,1,1,2,1,1,1,1,10,NA,NA,0,0,2.57280494262021,6.29076688329672,"AlignWeight",0
"148","26",19,0,0.01,10,7,1,1,5,10,0.6,1,1,2,1,1,1,1,10,NA,NA,0,0,2.56384927633107,6.22419932985656,"AlignWeight",0
"148","27",20,0,0.01,10,7,1,1,5,10,0.6,1,1,2,1,1,1,1,10,NA,NA,0,0,2.79569242118381,6.50539570745262,"AlignWeight",0
"148","28",21,0,0.01,10,7,1,1,5,10,0.6,1,1,2,1,1,1,1,10,NA,NA,0,0,3.34748625862086,6.47017694993306,"AlignWeight",0
"148","29",22,0,0.01,10,7,1,1,5,10,0.6,1,1,2,1,1,1,1,10,NA,NA,0,0,3.40127459356588,6.4405080588426,"AlignWeight",0
"148","3",23,0,0.01,10,7,1,1,5,10,0.6,1,1,2,1,1,1,1,10,NA,NA,0,0,3.1954738409815,6.45290097179727,"AlignWeight",0
"148","30",24,0,0.01,10,7,1,1,5,10,0.6,1,1,2,1,1,1,1,10,NA,NA,0,0,3.22518032781173,6.4812161112581,"AlignWeight",0
"148","31",25,0,0.01,10,7,1,1,5,10,0.6,1,1,2,1,1,1,1,10,NA,NA,0,0,3.27164658987012,6.27547655754207,"AlignWeight",0
"148","32",26,0,0.01,10,7,1,1,5,10,0.6,1,1,2,1,1,1,1,10,NA,NA,0,0,2.65425284810954,6.24618553899562,"AlignWeight",0
"148","33",27,0,0.01,10,7,1,1,5,10,0.6,1,1,2,1,1,1,1,10,NA,NA,0,0,3.07589805281736,6.36298999879226,"AlignWeight",0
"148","34",28,0,0.01,10,7,1,1,5,10,0.6,1,1,2,1,1,1,1,10,NA,NA,0,0,2.79663938124742,6.40179631825859,"AlignWeight",0
"148","35",29,0,0.01,10,7,1,1,5,10,0.6,1,1,2,1,1,1,1,10,NA,NA,0,0,3.1996421067371,6.48909059023586,"AlignWeight",0
"148","36",30,0,0.01,10,7,1,1,5,10,0.6,1,1,2,1,1,1,1,10,NA,NA,0,0,3.6659976761569,6.45103749972782,"AlignWeight",0
"148","37",31,0,0.01,10,7,1,1,5,10,0.6,1,1,2,1,1,1,1,10,NA,NA,0,0,3.01784847851038,6.2602517930253,"AlignWeight",0
"148","38",32,0,0.01,10,7,1,1,5,10,0.6,1,1,2,1,1,1,1,10,NA,NA,0,0,3.37275409646652,6.59730438572028,"AlignWeight",0
"148","39",33,0,0.01,10,7,1,1,5,10,0.6,1,1,2,1,1,1,1,10,NA,NA,0,0,3.76055854637775,6.50575191374341,"AlignWeight",0
"148","4",34,0,0.01,10,7,1,1,5,10,0.6,1,1,2,1,1,1,1,10,NA,NA,0,0,3.36438089735554,6.45462887067525,"AlignWeight",0
"148","40",35,0,0.01,10,7,1,1,5,10,0.6,1,1,2,1,1,1,1,10,NA,NA,0,0,3.33480921013168,6.42406521888363,"AlignWeight",0
"148","41",36,0,0.01,10,7,1,1,5,10,0.6,1,1,2,1,1,1,1,10,NA,NA,0,0,2.41539794998351,6.21753893629566,"AlignWeight",0
"148","42",37,0,0.01,10,7,1,1,5,10,0.6,1,1,2,1,1,1,1,10,NA,NA,0,0,3.87754573775069,6.42212031383179,"AlignWeight",0
"148","43",38,0,0.01,10,7,1,1,5,10,0.6,1,1,2,1,1,1,1,10,NA,NA,0,0,3.48733017000848,6.40662521892468,"AlignWeight",0
"148","44",39,0,0.01,10,7,1,1,5,10,0.6,1,1,2,1,1,1,1,10,NA,NA,0,0,3.36597541861338,6.55043495359311,"AlignWeight",0
"148","45",40,0,0.01,10,7,1,1,5,10,0.6,1,1,2,1,1,1,1,10,NA,NA,0,0,3.25714794796795,6.32443179239464,"AlignWeight",0
"148","46",41,0,0.01,10,7,1,1,5,10,0.6,1,1,2,1,1,1,1,10,NA,NA,0,0,3.95983409046782,6.70062044710599,"AlignWeight",0
"148","47",42,0,0.01,10,7,1,1,5,10,0.6,1,1,2,1,1,1,1,10,NA,NA,0,0,3.55443487928225,6.59958860884822,"AlignWeight",0
"148","48",43,0,0.01,10,7,1,1,5,10,0.6,1,1,2,1,1,1,1,10,NA,NA,0,0,2.98969479835336,6.38952919189068,"AlignWeight",0
"148","49",44,0,0.01,10,7,1,1,5,10,0.6,1,1,2,1,1,1,1,10,NA,NA,0,0,2.59037340869986,6.26294034081143,"AlignWeight",0
"148","5",45,0,0.01,10,7,1,1,5,10,0.6,1,1,2,1,1,1,1,10,NA,NA,0,0,2.96947108724519,6.43129049239251,"AlignWeight",0
"148","50",46,0,0.01,10,7,1,1,5,10,0.6,1,1,2,1,1,1,1,10,NA,NA,0,0,3.76442372383053,6.6222043859778,"AlignWeight",0
"148","6",47,0,0.01,10,7,1,1,5,10,0.6,1,1,2,1,1,1,1,10,294.129999999877,294.129999999877,1,0.1,4.30365092110567,6.92777216923606,"AlignWeight",0
"148","7",48,0,0.01,10,7,1,1,5,10,0.6,1,1,2,1,1,1,1,10,NA,NA,0,0,3.22258287125308,6.34857640479415,"AlignWeight",0
"148","8",49,0,0.01,10,7,1,1,5,10,0.6,1,1,2,1,1,1,1,10,NA,NA,0,0,2.77576922611969,6.31332605423843,"AlignWeight",0
"148","9",50,0,0.01,10,7,1,1,5,10,0.6,1,1,2,1,1,1,1,10,191.709999999971,191.709999999971,1,0.1,3.01183705035487,6.53313226196494,"AlignWeight",0
"149","1",1,0,0.01,10,7,1,1,5,10,0.6,1,1,2,1,2,1,1,10,NA,NA,0,0,3.55079011537596,6.42147908994268,"AlignWeight",0
"149","10",2,0,0.01,10,7,1,1,5,10,0.6,1,1,2,1,2,1,1,10,NA,NA,0,0,3.58414395298221,6.46610451060533,"AlignWeight",0
"149","11",3,0,0.01,10,7,1,1,5,10,0.6,1,1,2,1,2,1,1,10,NA,NA,0,0,3.16384950032044,6.4720393971701,"AlignWeight",0
"149","12",4,0,0.01,10,7,1,1,5,10,0.6,1,1,2,1,2,1,1,10,NA,NA,0,0,4.22221851185983,7.21297900485396,"AlignWeight",0
"149","13",5,0,0.01,10,7,1,1,5,10,0.6,1,1,2,1,2,1,1,10,NA,NA,0,0,3.54034625514876,6.46897390909907,"AlignWeight",0
"149","14",6,0,0.01,10,7,1,1,5,10,0.6,1,1,2,1,2,1,1,10,NA,NA,0,0,3.00123850064003,6.39279642276105,"AlignWeight",0
"149","15",7,0,0.01,10,7,1,1,5,10,0.6,1,1,2,1,2,1,1,10,NA,NA,0,0,4.62912396653815,6.71128753921112,"AlignWeight",0
"149","16",8,0,0.01,10,7,1,1,5,10,0.6,1,1,2,1,2,1,1,10,NA,NA,0,0,2.85414040064121,6.28167283532243,"AlignWeight",0
"149","17",9,0,0.01,10,7,1,1,5,10,0.6,1,1,2,1,2,1,1,10,NA,NA,0,0,4.39782452910562,6.50041005669907,"AlignWeight",0
"149","18",10,0,0.01,10,7,1,1,5,10,0.6,1,1,2,1,2,1,1,10,NA,NA,0,0,3.75908451068327,6.43359793123575,"AlignWeight",0
"149","19",11,0,0.01,10,7,1,1,5,10,0.6,1,1,2,1,2,1,1,10,NA,NA,0,0,4.50447792278181,6.45330198753264,"AlignWeight",0
"149","2",12,0,0.01,10,7,1,1,5,10,0.6,1,1,2,1,2,1,1,10,NA,NA,0,0,3.4651415828144,6.29248298446046,"AlignWeight",0
"149","20",13,0,0.01,10,7,1,1,5,10,0.6,1,1,2,1,2,1,1,10,NA,NA,0,0,4.40797715701546,6.43295659201132,"AlignWeight",0
"149","21",14,0,0.01,10,7,1,1,5,10,0.6,1,1,2,1,2,1,1,10,NA,NA,0,0,3.71185308184642,6.45276917218767,"AlignWeight",0
"149","22",15,0,0.01,10,7,1,1,5,10,0.6,1,1,2,1,2,1,1,10,NA,NA,0,0,4.15414047721319,6.600275735313,"AlignWeight",0
"149","23",16,0,0.01,10,7,1,1,5,10,0.6,1,1,2,1,2,1,1,10,NA,NA,0,0,4.62138320706596,6.47513696892541,"AlignWeight",0
"149","24",17,0,0.01,10,7,1,1,5,10,0.6,1,1,2,1,2,1,1,10,NA,NA,0,0,3.77395047256389,6.50691999297853,"AlignWeight",0
"149","25",18,0,0.01,10,7,1,1,5,10,0.6,1,1,2,1,2,1,1,10,NA,NA,0,0,3.59854555030241,6.42077036987741,"AlignWeight",0
"149","26",19,0,0.01,10,7,1,1,5,10,0.6,1,1,2,1,2,1,1,10,NA,NA,0,0,3.64756410752225,6.37105192701706,"AlignWeight",0
"149","27",20,0,0.01,10,7,1,1,5,10,0.6,1,1,2,1,2,1,1,10,NA,NA,0,0,3.36103868851243,6.46493172058094,"AlignWeight",0
"149","28",21,0,0.01,10,7,1,1,5,10,0.6,1,1,2,1,2,1,1,10,NA,NA,0,0,3.15251329171781,6.29010911374676,"AlignWeight",0
"149","29",22,0,0.01,10,7,1,1,5,10,0.6,1,1,2,1,2,1,1,10,NA,NA,0,0,3.75050145522478,6.47016793254155,"AlignWeight",0
"149","3",23,0,0.01,10,7,1,1,5,10,0.6,1,1,2,1,2,1,1,10,NA,NA,0,0,3.56693995667776,6.57244828479907,"AlignWeight",0
"149","30",24,0,0.01,10,7,1,1,5,10,0.6,1,1,2,1,2,1,1,10,NA,NA,0,0,3.49660957145545,6.57509278021798,"AlignWeight",0
"149","31",25,0,0.01,10,7,1,1,5,10,0.6,1,1,2,1,2,1,1,10,NA,NA,0,0,3.67422254715791,6.41480597258888,"AlignWeight",0
"149","32",26,0,0.01,10,7,1,1,5,10,0.6,1,1,2,1,2,1,1,10,NA,NA,0,0,3.8778367110847,6.44656661658925,"AlignWeight",0
"149","33",27,0,0.01,10,7,1,1,5,10,0.6,1,1,2,1,2,1,1,10,NA,NA,0,0,2.67574340625489,6.19302473294611,"AlignWeight",0
"149","34",28,0,0.01,10,7,1,1,5,10,0.6,1,1,2,1,2,1,1,10,NA,NA,0,0,3.91887138471284,6.35111209358486,"AlignWeight",0
"149","35",29,0,0.01,10,7,1,1,5,10,0.6,1,1,2,1,2,1,1,10,NA,NA,0,0,3.82194483023758,6.48380990899536,"AlignWeight",0
"149","36",30,0,0.01,10,7,1,1,5,10,0.6,1,1,2,1,2,1,1,10,NA,NA,0,0,4.02491865302853,6.49432116068959,"AlignWeight",0
"149","37",31,0,0.01,10,7,1,1,5,10,0.6,1,1,2,1,2,1,1,10,NA,NA,0,0,3.79731979052464,6.3684956783058,"AlignWeight",0
"149","38",32,0,0.01,10,7,1,1,5,10,0.6,1,1,2,1,2,1,1,10,NA,NA,0,0,3.80966079349921,6.36711950152385,"AlignWeight",0
"149","39",33,0,0.01,10,7,1,1,5,10,0.6,1,1,2,1,2,1,1,10,NA,NA,0,0,3.41088178822864,6.42440038186805,"AlignWeight",0
"149","4",34,0,0.01,10,7,1,1,5,10,0.6,1,1,2,1,2,1,1,10,NA,NA,0,0,3.360272804366,6.36153071461862,"AlignWeight",0
"149","40",35,0,0.01,10,7,1,1,5,10,0.6,1,1,2,1,2,1,1,10,NA,NA,0,0,3.27052905570349,6.27415551010637,"AlignWeight",0
"149","41",36,0,0.01,10,7,1,1,5,10,0.6,1,1,2,1,2,1,1,10,NA,NA,0,0,3.12137887644834,6.22651429058629,"AlignWeight",0
"149","42",37,0,0.01,10,7,1,1,5,10,0.6,1,1,2,1,2,1,1,10,NA,NA,0,0,3.74159079170394,6.50457221378643,"AlignWeight",0
"149","43",38,0,0.01,10,7,1,1,5,10,0.6,1,1,2,1,2,1,1,10,NA,NA,0,0,4.2873658961541,6.5640902841531,"AlignWeight",0
"149","44",39,0,0.01,10,7,1,1,5,10,0.6,1,1,2,1,2,1,1,10,NA,NA,0,0,4.00121967506455,6.62399114829911,"AlignWeight",0
"149","45",40,0,0.01,10,7,1,1,5,10,0.6,1,1,2,1,2,1,1,10,NA,NA,0,0,3.66539605797592,6.3605121305565,"AlignWeight",0
"149","46",41,0,0.01,10,7,1,1,5,10,0.6,1,1,2,1,2,1,1,10,NA,NA,0,0,4.0100695056196,6.69120985781436,"AlignWeight",0
"149","47",42,0,0.01,10,7,1,1,5,10,0.6,1,1,2,1,2,1,1,10,NA,NA,0,0,3.36069518892307,6.30695498249477,"AlignWeight",0
"149","48",43,0,0.01,10,7,1,1,5,10,0.6,1,1,2,1,2,1,1,10,NA,NA,0,0,3.58164181719793,6.35247238170967,"AlignWeight",0
"149","49",44,0,0.01,10,7,1,1,5,10,0.6,1,1,2,1,2,1,1,10,NA,NA,0,0,3.61031074531869,6.43946304017817,"AlignWeight",0
"149","5",45,0,0.01,10,7,1,1,5,10,0.6,1,1,2,1,2,1,1,10,NA,NA,0,0,3.87737824505644,6.61097769661884,"AlignWeight",0
"149","50",46,0,0.01,10,7,1,1,5,10,0.6,1,1,2,1,2,1,1,10,NA,NA,0,0,3.58378959335981,5.98812680552024,"AlignWeight",0
"149","6",47,0,0.01,10,7,1,1,5,10,0.6,1,1,2,1,2,1,1,10,NA,NA,0,0,4.21503315349973,6.52531527542613,"AlignWeight",0
"149","7",48,0,0.01,10,7,1,1,5,10,0.6,1,1,2,1,2,1,1,10,NA,NA,0,0,4.77427160633042,6.34132129028635,"AlignWeight",0
"149","8",49,0,0.01,10,7,1,1,5,10,0.6,1,1,2,1,2,1,1,10,NA,NA,0,0,4.13345616855658,6.72506724480338,"AlignWeight",0
"149","9",50,0,0.01,10,7,1,1,5,10,0.6,1,1,2,1,2,1,1,10,NA,NA,0,0,3.6058184040032,6.60468592454114,"AlignWeight",0
"150","1",1,0,0.01,10,7,1,1,5,10,0.6,1,1,2,1,5,1,1,10,NA,NA,0,0,4.28375499733605,6.09493742382289,"AlignWeight",0
"150","10",2,0,0.01,10,7,1,1,5,10,0.6,1,1,2,1,5,1,1,10,NA,NA,0,0,4.10533082851427,6.44537849803681,"AlignWeight",0
"150","11",3,0,0.01,10,7,1,1,5,10,0.6,1,1,2,1,5,1,1,10,197.479999999965,197.479999999965,1,0.1,4.64130966130414,6.81922597292265,"AlignWeight",0
"150","12",4,0,0.01,10,7,1,1,5,10,0.6,1,1,2,1,5,1,1,10,NA,NA,0,0,4.52517216698964,6.15675712913515,"AlignWeight",0
"150","13",5,0,0.01,10,7,1,1,5,10,0.6,1,1,2,1,5,1,1,10,NA,NA,0,0,4.53844616688569,6.52387280339275,"AlignWeight",0
"150","14",6,0,0.01,10,7,1,1,5,10,0.6,1,1,2,1,5,1,1,10,229.679999999936,229.679999999936,1,0.1,4.42683792555412,6.87531739054849,"AlignWeight",0
"150","15",7,0,0.01,10,7,1,1,5,10,0.6,1,1,2,1,5,1,1,10,220.829999999944,220.829999999944,1,0.1,4.57292567927094,6.68740128798935,"AlignWeight",0
"150","16",8,0,0.01,10,7,1,1,5,10,0.6,1,1,2,1,5,1,1,10,NA,NA,0,0,4.60327720405776,6.16257056053532,"AlignWeight",0
"150","17",9,0,0.01,10,7,1,1,5,10,0.6,1,1,2,1,5,1,1,10,NA,NA,0,0,4.99001899337771,6.48980788975523,"AlignWeight",0
"150","18",10,0,0.01,10,7,1,1,5,10,0.6,1,1,2,1,5,1,1,10,NA,NA,0,0,4.88673986824506,6.92219778063053,"AlignWeight",0
"150","19",11,0,0.01,10,7,1,1,5,10,0.6,1,1,2,1,5,1,1,10,NA,NA,0,0,3.75181564587651,6.27627848319716,"AlignWeight",0
"150","2",12,0,0.01,10,7,1,1,5,10,0.6,1,1,2,1,5,1,1,10,NA,NA,0,0,4.72032353174029,6.51407653373869,"AlignWeight",0
"150","20",13,0,0.01,10,7,1,1,5,10,0.6,1,1,2,1,5,1,1,10,NA,NA,0,0,3.34555771789106,6.22607729249088,"AlignWeight",0
"150","21",14,0,0.01,10,7,1,1,5,10,0.6,1,1,2,1,5,1,1,10,NA,NA,0,0,4.22475821880888,5.97806310695889,"AlignWeight",0
"150","22",15,0,0.01,10,7,1,1,5,10,0.6,1,1,2,1,5,1,1,10,NA,NA,0,0,4.58611946599723,6.34726905841899,"AlignWeight",0
"150","23",16,0,0.01,10,7,1,1,5,10,0.6,1,1,2,1,5,1,1,10,NA,NA,0,0,3.53142294277264,6.35827551614903,"AlignWeight",0
"150","24",17,0,0.01,10,7,1,1,5,10,0.6,1,1,2,1,5,1,1,10,NA,NA,0,0,4.13262857878595,6.51628489004423,"AlignWeight",0
"150","25",18,0,0.01,10,7,1,1,5,10,0.6,1,1,2,1,5,1,1,10,NA,NA,0,0,5.28161004795664,6.65838894252812,"AlignWeight",0
"150","26",19,0,0.01,10,7,1,1,5,10,0.6,1,1,2,1,5,1,1,10,NA,NA,1,0.1,4.58012189394402,6.66258998691579,"AlignWeight",0
"150","27",20,0,0.01,10,7,1,1,5,10,0.6,1,1,2,1,5,1,1,10,NA,NA,0,0,3.32115760919914,6.39263191518557,"AlignWeight",0
"150","28",21,0,0.01,10,7,1,1,5,10,0.6,1,1,2,1,5,1,1,10,NA,NA,0,0,4.14191353279474,6.22373217247582,"AlignWeight",0
"150","29",22,0,0.01,10,7,1,1,5,10,0.6,1,1,2,1,5,1,1,10,NA,NA,0,0,3.42702445729344,6.18212112918896,"AlignWeight",0
"150","3",23,0,0.01,10,7,1,1,5,10,0.6,1,1,2,1,5,1,1,10,NA,NA,0,0,4.49294862469018,6.31654375606267,"AlignWeight",0
"150","30",24,0,0.01,10,7,1,1,5,10,0.6,1,1,2,1,5,1,1,10,NA,NA,0,0,3.48858258951349,6.39683425667413,"AlignWeight",0
"150","31",25,0,0.01,10,7,1,1,5,10,0.6,1,1,2,1,5,1,1,7,NA,NA,0,0,2.82620753160536,6.03551185206389,"AlignWeight",0
"150","32",26,0,0.01,10,7,1,1,5,10,0.6,1,1,2,1,5,1,1,10,NA,NA,0,0,3.91087192613223,6.19081918638339,"AlignWeight",0
"150","33",27,0,0.01,10,7,1,1,5,10,0.6,1,1,2,1,5,1,1,10,NA,NA,0,0,4.75948199807658,6.90134317312835,"AlignWeight",0
"150","34",28,0,0.01,10,7,1,1,5,10,0.6,1,1,2,1,5,1,1,10,NA,NA,0,0,4.12337103575617,6.38334714251375,"AlignWeight",0
"150","35",29,0,0.01,10,7,1,1,5,10,0.6,1,1,2,1,5,1,1,10,NA,NA,0,0,4.23629422900617,6.3978232350916,"AlignWeight",0
"150","36",30,0,0.01,10,7,1,1,5,10,0.6,1,1,2,1,5,1,1,10,NA,NA,0,0,3.46175309996668,5.97618578114564,"AlignWeight",0
"150","37",31,0,0.01,10,7,1,1,5,10,0.6,1,1,2,1,5,1,1,10,NA,NA,0,0,3.68625866025747,6.2927839020814,"AlignWeight",0
"150","38",32,0,0.01,10,7,1,1,5,10,0.6,1,1,2,1,5,1,1,10,NA,NA,0,0,5.04885561300656,6.90264951779478,"AlignWeight",0
"150","39",33,0,0.01,10,7,1,1,5,10,0.6,1,1,2,1,5,1,1,10,NA,NA,0,0,4.37758120336884,6.31366920523323,"AlignWeight",0
"150","4",34,0,0.01,10,7,1,1,5,10,0.6,1,1,2,1,5,1,1,10,NA,NA,0,0,3.33557536360649,6.33257332279094,"AlignWeight",0
"150","40",35,0,0.01,10,7,1,1,5,10,0.6,1,1,2,1,5,1,1,10,NA,NA,0,0,4.19234493165862,6.3552308351538,"AlignWeight",0
"150","41",36,0,0.01,10,7,1,1,5,10,0.6,1,1,2,1,5,1,1,10,189.209999999973,189.209999999973,1,0.1,3.54357907724748,6.68507940769346,"AlignWeight",0
"150","42",37,0,0.01,10,7,1,1,5,10,0.6,1,1,2,1,5,1,1,10,NA,NA,0,0,5.03585502390669,6.39516049318534,"AlignWeight",0
"150","43",38,0,0.01,10,7,1,1,5,10,0.6,1,1,2,1,5,1,1,10,NA,NA,0,0,4.35721915747833,6.45936355085857,"AlignWeight",0
"150","44",39,0,0.01,10,7,1,1,5,10,0.6,1,1,2,1,5,1,1,9,NA,NA,0,0,4.47330834575696,6.31687663766751,"AlignWeight",0
"150","45",40,0,0.01,10,7,1,1,5,10,0.6,1,1,2,1,5,1,1,10,NA,NA,0,0,3.88132738634783,6.33299649605457,"AlignWeight",0
"150","46",41,0,0.01,10,7,1,1,5,10,0.6,1,1,2,1,5,1,1,9,NA,NA,0,0,4.07374589803378,6.21608781757107,"AlignWeight",0
"150","47",42,0,0.01,10,7,1,1,5,10,0.6,1,1,2,1,5,1,1,10,NA,NA,0,0,3.87389256754229,6.36631911156146,"AlignWeight",0
"150","48",43,0,0.01,10,7,1,1,5,10,0.6,1,1,2,1,5,1,1,10,NA,NA,0,0,3.59450940354101,6.43454323031044,"AlignWeight",0
"150","49",44,0,0.01,10,7,1,1,5,10,0.6,1,1,2,1,5,1,1,10,NA,NA,0,0,4.46387300698256,6.19469439354518,"AlignWeight",0
"150","5",45,0,0.01,10,7,1,1,5,10,0.6,1,1,2,1,5,1,1,10,NA,NA,0,0,3.11759595728712,6.21971180233695,"AlignWeight",0
"150","50",46,0,0.01,10,7,1,1,5,10,0.6,1,1,2,1,5,1,1,10,118.930000000024,118.930000000024,1,0.1,3.59960106606607,6.59576725492159,"AlignWeight",0
"150","6",47,0,0.01,10,7,1,1,5,10,0.6,1,1,2,1,5,1,1,10,NA,NA,0,0,4.11582190842957,6.25515241285853,"AlignWeight",0
"150","7",48,0,0.01,10,7,1,1,5,10,0.6,1,1,2,1,5,1,1,10,NA,NA,0,0,3.98291825313053,6.32330706351995,"AlignWeight",0
"150","8",49,0,0.01,10,7,1,1,5,10,0.6,1,1,2,1,5,1,1,10,NA,NA,0,0,4.47360789553315,6.44824073365306,"AlignWeight",0
"150","9",50,0,0.01,10,7,1,1,5,10,0.6,1,1,2,1,5,1,1,10,NA,NA,0,0,4.18133270465133,6.2872154560427,"AlignWeight",0
"151","1",1,0,0.01,10,7,1,1,5,10,0.6,1,1,2,1,10,1,1,10,NA,NA,0,0,5.58770526625709,6.16844717607517,"AlignWeight",0
"151","10",2,0,0.01,10,7,1,1,5,10,0.6,1,1,2,1,10,1,1,10,224.079999999941,224.079999999941,2,0.2,5.14401242838503,7.2147192307874,"AlignWeight",0
"151","11",3,0,0.01,10,7,1,1,5,10,0.6,1,1,2,1,10,1,1,10,NA,NA,0,0,6.39218261796702,6.67986246891969,"AlignWeight",0
"151","12",4,0,0.01,10,7,1,1,5,10,0.6,1,1,2,1,10,1,1,10,165.659999999994,163.909999999996,3,0.3,7.25415387839961,7.82009815840159,"AlignWeight",0
"151","13",5,0,0.01,10,7,1,1,5,10,0.6,1,1,2,1,10,1,1,10,NA,NA,0,0,6.03287997316673,6.76866127248194,"AlignWeight",0
"151","14",6,0,0.01,10,7,1,1,5,10,0.6,1,1,2,1,10,1,1,10,101.280000000015,101.530000000015,3,0.3,6.13088015439665,7.1021054172993,"AlignWeight",0
"151","15",7,0,0.01,10,7,1,1,5,10,0.6,1,1,2,1,10,1,1,10,NA,NA,0,0,6.37704130921826,6.92031925685638,"AlignWeight",0
"151","16",8,0,0.01,10,7,1,1,5,10,0.6,1,1,2,1,10,1,1,10,216.139999999948,216.139999999948,1,0.1,5.75138032101687,6.74136922213845,"AlignWeight",0
"151","17",9,0,0.01,10,7,1,1,5,10,0.6,1,1,2,1,10,1,1,10,NA,NA,0,0,7.83461778626323,6.27126846359988,"AlignWeight",0
"151","18",10,0,0.01,10,7,1,1,5,10,0.6,1,1,2,1,10,1,1,3,NA,NA,0,0,1.70804986171107,5.2537162623612,"AlignWeight",0
"151","19",11,0,0.01,10,7,1,1,5,10,0.6,1,1,2,1,10,1,1,10,228.254999999938,260.794999999908,4,0.4,5.71299407909285,7.87042303042378,"AlignWeight",1
"151","2",12,0,0.01,10,7,1,1,5,10,0.6,1,1,2,1,10,1,1,10,NA,NA,0,0,4.6201193152638,6.20672949617153,"AlignWeight",0
"151","20",13,0,0.01,10,7,1,1,5,10,0.6,1,1,2,1,10,1,1,5,NA,NA,0,0,4.09200662385946,5.88968213948657,"AlignWeight",0
"151","21",14,0,0.01,10,7,1,1,5,10,0.6,1,1,2,1,10,1,1,10,NA,NA,0,0,4.56907378501755,6.60181051159193,"AlignWeight",0
"151","22",15,0,0.01,10,7,1,1,5,10,0.6,1,1,2,1,10,1,1,10,NA,NA,0,0,4.37285900473302,6.1854792884851,"AlignWeight",0
"151","23",16,0,0.01,10,7,1,1,5,10,0.6,1,1,2,1,10,1,1,10,NA,NA,0,0,5.83570849424524,6.07428761108747,"AlignWeight",0
"151","24",17,0,0.01,10,7,1,1,5,10,0.6,1,1,2,1,10,1,1,10,79.0600000000035,79.0600000000035,1,0.1,6.2960948064261,6.87858737904379,"AlignWeight",0
"151","25",18,0,0.01,10,7,1,1,5,10,0.6,1,1,2,1,10,1,1,10,NA,NA,0,0,5.36940382493645,6.51046445916806,"AlignWeight",0
"151","26",19,0,0.01,10,7,1,1,5,10,0.6,1,1,2,1,10,1,1,10,NA,NA,0,0,5.81266993944958,6.55209003391027,"AlignWeight",0
"151","27",20,0,0.01,10,7,1,1,5,10,0.6,1,1,2,1,10,1,1,10,83.5500000000059,83.5500000000059,2,0.2,6.27753429826062,7.39049919636223,"AlignWeight",0
"151","28",21,0,0.01,10,7,1,1,5,10,0.6,1,1,2,1,10,1,1,10,NA,NA,0,0,7.58711091243946,6.42800795465539,"AlignWeight",0
"151","29",22,0,0.01,10,7,1,1,5,10,0.6,1,1,2,1,10,1,1,10,NA,NA,0,0,6.28652675520281,6.66181764818787,"AlignWeight",0
"151","3",23,0,0.01,10,7,1,1,5,10,0.6,1,1,2,1,10,1,1,10,NA,NA,0,0,4.05211601896019,6.34942606612483,"AlignWeight",0
"151","30",24,0,0.01,10,7,1,1,5,10,0.6,1,1,2,1,10,1,1,10,NA,NA,0,0,4.87512283722062,6.30963585858122,"AlignWeight",0
"151","31",25,0,0.01,10,7,1,1,5,10,0.6,1,1,2,1,10,1,1,10,NA,NA,2,0.2,5.65793641552559,7.03539987105367,"AlignWeight",0
"151","32",26,0,0.01,10,7,1,1,5,10,0.6,1,1,2,1,10,1,1,10,NA,NA,0,0,7.00897881521894,7.20265885738575,"AlignWeight",0
"151","33",27,0,0.01,10,7,1,1,5,10,0.6,1,1,2,1,10,1,1,10,93.7850000000111,94.0000000000111,4,0.4,5.93971313538938,7.65968759459178,"AlignWeight",1
"151","34",28,0,0.01,10,7,1,1,5,10,0.6,1,1,2,1,10,1,1,10,NA,NA,0,0,4.56331749870511,6.42317982455113,"AlignWeight",0
"151","35",29,0,0.01,10,7,1,1,5,10,0.6,1,1,2,1,10,1,1,10,275.609999999895,275.609999999895,2,0.2,7.00606415461053,7.85593976822354,"AlignWeight",0
"151","36",30,0,0.01,10,7,1,1,5,10,0.6,1,1,2,1,10,1,1,8,NA,NA,0,0,4.67256860127003,6.15103223942532,"AlignWeight",0
"151","37",31,0,0.01,10,7,1,1,5,10,0.6,1,1,2,1,10,1,1,10,NA,NA,0,0,5.87928318975981,6.92856648528257,"AlignWeight",0
"151","38",32,0,0.01,10,7,1,1,5,10,0.6,1,1,2,1,10,1,1,10,NA,NA,0,0,5.86560411499773,6.86008516689211,"AlignWeight",0
"151","39",33,0,0.01,10,7,1,1,5,10,0.6,1,1,2,1,10,1,1,10,NA,NA,0,0,7.57054465528418,7.1203169403274,"AlignWeight",0
"151","4",34,0,0.01,10,7,1,1,5,10,0.6,1,1,2,1,10,1,1,10,NA,NA,0,0,5.09687998421908,6.48567250966852,"AlignWeight",0
"151","40",35,0,0.01,10,7,1,1,5,10,0.6,1,1,2,1,10,1,1,10,NA,NA,0,0,4.64460054206024,6.64335951628072,"AlignWeight",0
"151","41",36,0,0.01,10,7,1,1,5,10,0.6,1,1,2,1,10,1,1,10,NA,NA,0,0,5.47081369844502,6.08685635533493,"AlignWeight",0
"151","42",37,0,0.01,10,7,1,1,5,10,0.6,1,1,2,1,10,1,1,10,NA,NA,0,0,6.67612995660114,7.13638852768303,"AlignWeight",0
"151","43",38,0,0.01,10,7,1,1,5,10,0.6,1,1,2,1,10,1,1,10,NA,NA,0,0,6.73261070731173,6.41912499490609,"AlignWeight",0
"151","44",39,0,0.01,10,7,1,1,5,10,0.6,1,1,2,1,10,1,1,10,NA,NA,0,0,6.14478914125233,6.94211988072045,"AlignWeight",0
"151","45",40,0,0.01,10,7,1,1,5,10,0.6,1,1,2,1,10,1,1,10,NA,NA,0,0,3.51685448192042,5.78319784619733,"AlignWeight",0
"151","46",41,0,0.01,10,7,1,1,5,10,0.6,1,1,2,1,10,1,1,10,NA,NA,0,0,7.41799216196427,6.82829498906912,"AlignWeight",0
"151","47",42,0,0.01,10,7,1,1,5,10,0.6,1,1,2,1,10,1,1,10,293.558888888767,293.459999999878,10,1,7.45497377297239,12.4885283552293,"AlignWeight",1
"151","48",43,0,0.01,10,7,1,1,5,10,0.6,1,1,2,1,10,1,1,10,270.489999999899,270.489999999899,1,0.1,7.30444002240092,7.04328744938819,"AlignWeight",0
"151","49",44,0,0.01,10,7,1,1,5,10,0.6,1,1,2,1,10,1,1,7,NA,NA,0,0,3.27844251614181,5.46680778918485,"AlignWeight",0
"151","5",45,0,0.01,10,7,1,1,5,10,0.6,1,1,2,1,10,1,1,10,97.9000000000132,97.9000000000132,1,0.1,6.75083044944699,6.60537950630122,"AlignWeight",0
"151","50",46,0,0.01,10,7,1,1,5,10,0.6,1,1,2,1,10,1,1,10,NA,NA,0,0,4.75812749810315,6.51167077328602,"AlignWeight",0
"151","6",47,0,0.01,10,7,1,1,5,10,0.6,1,1,2,1,10,1,1,10,294.299999999877,294.299999999877,1,0.1,7.10494470380244,6.75816639849034,"AlignWeight",0
"151","7",48,0,0.01,10,7,1,1,5,10,0.6,1,1,2,1,10,1,1,10,NA,NA,0,0,5.4464369180661,6.42557084073104,"AlignWeight",0
"151","8",49,0,0.01,10,7,1,1,5,10,0.6,1,1,2,1,10,1,1,10,NA,NA,0,0,5.83037676582697,6.85195243884517,"AlignWeight",0
"151","9",50,0,0.01,10,7,1,1,5,10,0.6,1,1,2,1,10,1,1,10,219.593999999945,219.719999999946,10,1,8.05542729843366,11.0229956674805,"AlignWeight",1
"152","1",1,0,0.01,10,7,1,1,5,10,0.6,1,1,2,1,20,1,1,10,NA,NA,0,0,8.78739298281929,6.25792269400007,"AlignWeight",0
"152","10",2,0,0.01,10,7,1,1,5,10,0.6,1,1,2,1,20,1,1,9,65.9099999999968,65.9099999999968,2,0.222222222222222,5.06476426719194,7.15818943210367,"AlignWeight",0
"152","11",3,0,0.01,10,7,1,1,5,10,0.6,1,1,2,1,20,1,1,9,NA,NA,0,0,7.86598712359506,6.94826877615598,"AlignWeight",0
"152","12",4,0,0.01,10,7,1,1,5,10,0.6,1,1,2,1,20,1,1,10,NA,NA,0,0,8.78203085300212,7.11289305229192,"AlignWeight",0
"152","13",5,0,0.01,10,7,1,1,5,10,0.6,1,1,2,1,20,1,1,10,NA,NA,3,0.3,7.28149351692147,7.80795529345085,"AlignWeight",0
"152","14",6,0,0.01,10,7,1,1,5,10,0.6,1,1,2,1,20,1,1,10,149.958888888897,150.400000000008,9,0.9,9.34454085866444,14.3129215113933,"AlignWeight",1
"152","15",7,0,0.01,10,7,1,1,5,10,0.6,1,1,2,1,20,1,1,10,NA,NA,5,0.5,9.84138178595365,9.86291331054298,"AlignWeight",1
"152","16",8,0,0.01,10,7,1,1,5,10,0.6,1,1,2,1,20,1,1,10,81.6883333333382,80.9900000000046,6,0.6,5.98912274797316,9.21965581396518,"AlignWeight",1
"152","17",9,0,0.01,10,7,1,1,5,10,0.6,1,1,2,1,20,1,1,10,NA,NA,0,0,8.31872219433566,6.75158892242434,"AlignWeight",0
"152","18",10,0,0.01,10,7,1,1,5,10,0.6,1,1,2,1,20,1,1,10,123.130000000026,122.040000000026,5,0.5,9.26343280350219,9.07574073562983,"AlignWeight",1
"152","19",11,0,0.01,10,7,1,1,5,10,0.6,1,1,2,1,20,1,1,9,275.258888888784,274.189999999896,9,1,8.31613285849921,13.0855032815521,"AlignWeight",1
"152","2",12,0,0.01,10,7,1,1,5,10,0.6,1,1,2,1,20,1,1,10,NA,NA,0,0,5.94710120043619,6.64470912173804,"AlignWeight",0
"152","20",13,0,0.01,10,7,1,1,5,10,0.6,1,1,2,1,20,1,1,10,162.837999999997,162.684999999997,10,1,8.21195775299029,11.615216045148,"AlignWeight",1
"152","21",14,0,0.01,10,7,1,1,5,10,0.6,1,1,2,1,20,1,1,10,240.504285714212,239.349999999927,7,0.7,8.3049319150696,10.2651319772402,"AlignWeight",1
"152","22",15,0,0.01,10,7,1,1,5,10,0.6,1,1,2,1,20,1,1,10,NA,NA,0,0,8.13199061478848,7.87382305046398,"AlignWeight",0
"152","23",16,0,0.01,10,7,1,1,5,10,0.6,1,1,2,1,20,1,1,10,231.282999999935,231.114999999935,10,1,8.01318816864345,10.8517850441177,"AlignWeight",1
"152","24",17,0,0.01,10,7,1,1,5,10,0.6,1,1,2,1,20,1,1,10,188.808999999973,188.104999999974,10,1,12.0617890399795,12.6009072927821,"AlignWeight",1
"152","25",18,0,0.01,10,7,1,1,5,10,0.6,1,1,2,1,20,1,1,10,NA,NA,0,0,6.3445224988619,6.40683344888605,"AlignWeight",0
"152","26",19,0,0.01,10,7,1,1,5,10,0.6,1,1,2,1,20,1,1,9,NA,NA,4,0.444444444444444,12.3893456540466,8.19078250311576,"AlignWeight",1
"152","27",20,0,0.01,10,7,1,1,5,10,0.6,1,1,2,1,20,1,1,10,NA,NA,0,0,6.04664883237892,6.48255839228932,"AlignWeight",0
"152","28",21,0,0.01,10,7,1,1,5,10,0.6,1,1,2,1,20,1,1,10,179.644999999982,179.934999999981,4,0.4,9.17598423714495,7.64737268974683,"AlignWeight",1
"152","29",22,0,0.01,10,7,1,1,5,10,0.6,1,1,2,1,20,1,1,10,119.240000000024,119.300000000024,4,0.4,7.15026004755946,7.96273678226484,"AlignWeight",1
"152","3",23,0,0.01,10,7,1,1,5,10,0.6,1,1,2,1,20,1,1,10,102.988333333349,103.325000000016,6,0.6,8.6637239894722,9.14667494811873,"AlignWeight",1
"152","30",24,0,0.01,10,7,1,1,5,10,0.6,1,1,2,1,20,1,1,10,132.019000000025,131.415000000025,10,1,11.4347478978586,11.1047698089059,"AlignWeight",1
"152","31",25,0,0.01,10,7,1,1,5,10,0.6,1,1,2,1,20,1,1,8,NA,NA,0,0,6.32573303006422,6.40840123397903,"AlignWeight",0
"152","32",26,0,0.01,10,7,1,1,5,10,0.6,1,1,2,1,20,1,1,10,78.9366666666702,78.7900000000034,3,0.3,7.3159068737877,7.63769413875332,"AlignWeight",0
"152","33",27,0,0.01,10,7,1,1,5,10,0.6,1,1,2,1,20,1,1,10,NA,NA,0,0,8.22614435262032,6.45218321392586,"AlignWeight",0
"152","34",28,0,0.01,10,7,1,1,5,10,0.6,1,1,2,1,20,1,1,10,NA,NA,0,0,9.02038587681316,6.48830600538449,"AlignWeight",0
"152","35",29,0,0.01,10,7,1,1,5,10,0.6,1,1,2,1,20,1,1,10,NA,NA,6,0.6,9.01343916054894,8.7559637891468,"AlignWeight",1
"152","36",30,0,0.01,10,7,1,1,5,10,0.6,1,1,2,1,20,1,1,10,237.924999999929,237.924999999929,2,0.2,6.79026484812671,7.21965262484886,"AlignWeight",0
"152","37",31,0,0.01,10,7,1,1,5,10,0.6,1,1,2,1,20,1,1,10,NA,NA,0,0,9.63789597381717,6.4263290728222,"AlignWeight",0
"152","38",32,0,0.01,10,7,1,1,5,10,0.6,1,1,2,1,20,1,1,10,99.8800000000081,85.0500000000066,4,0.4,7.42300382663829,8.05195689070737,"AlignWeight",1
"152","39",33,0,0.01,10,7,1,1,5,10,0.6,1,1,2,1,20,1,1,10,267.186666666569,267.449999999902,3,0.3,16.2180412675166,8.52647182830703,"AlignWeight",1
"152","4",34,0,0.01,10,7,1,1,5,10,0.6,1,1,2,1,20,1,1,10,132.441000000025,133.210000000024,10,1,13.1019931479782,13.0507913980752,"AlignWeight",1
"152","40",35,0,0.01,10,7,1,1,5,10,0.6,1,1,2,1,20,1,1,8,NA,NA,0,0,7.65417687727654,6.19062407228209,"AlignWeight",0
"152","41",36,0,0.01,10,7,1,1,5,10,0.6,1,1,2,1,20,1,1,10,150.297500000008,149.845000000008,4,0.4,6.68879197065913,7.73958511443842,"AlignWeight",1
"152","42",37,0,0.01,10,7,1,1,5,10,0.6,1,1,2,1,20,1,1,10,134.043000000023,133.355000000023,10,1,7.27497216991657,14.2933630520504,"AlignWeight",1
"152","43",38,0,0.01,10,7,1,1,5,10,0.6,1,1,2,1,20,1,1,10,NA,NA,0,0,9.8264036522744,7.70120574645564,"AlignWeight",0
"152","44",39,0,0.01,10,7,1,1,5,10,0.6,1,1,2,1,20,1,1,10,245.919999999921,245.079999999922,6,0.6,8.95575498495422,9.26582345463819,"AlignWeight",1
"152","45",40,0,0.01,10,7,1,1,5,10,0.6,1,1,2,1,20,1,1,10,201.759999999962,201.759999999962,2,0.2,7.68125109045415,7.07694178217068,"AlignWeight",0
"152","46",41,0,0.01,10,7,1,1,5,10,0.6,1,1,2,1,20,1,1,10,NA,NA,0,0,4.67824277188886,6.68990538924799,"AlignWeight",0
"152","47",42,0,0.01,10,7,1,1,5,10,0.6,1,1,2,1,20,1,1,10,118.990000000024,119.185000000024,10,1,8.35664886831287,17.2364965817117,"AlignWeight",1
"152","48",43,0,0.01,10,7,1,1,5,10,0.6,1,1,2,1,20,1,1,9,160.594999999999,160.215,8,0.888888888888889,7.52941616465292,12.8691095255793,"AlignWeight",1
"152","49",44,0,0.01,10,7,1,1,5,10,0.6,1,1,2,1,20,1,1,10,NA,NA,0,0,8.52997972637519,6.56757371929559,"AlignWeight",0
"152","5",45,0,0.01,10,7,1,1,5,10,0.6,1,1,2,1,20,1,1,10,NA,NA,7,0.7,8.09450103301457,10.8817018026035,"AlignWeight",1
"152","50",46,0,0.01,10,7,1,1,5,10,0.6,1,1,2,1,20,1,1,10,NA,NA,0,0,8.02710547034083,6.88955670678397,"AlignWeight",0
"152","6",47,0,0.01,10,7,1,1,5,10,0.6,1,1,2,1,20,1,1,10,152.970000000006,152.595000000006,10,1,8.29939775169755,13.2034348238982,"AlignWeight",1
"152","7",48,0,0.01,10,7,1,1,5,10,0.6,1,1,2,1,20,1,1,10,NA,NA,0,0,9.20290972095529,6.18069991655991,"AlignWeight",0
"152","8",49,0,0.01,10,7,1,1,5,10,0.6,1,1,2,1,20,1,1,10,149.769000000004,155.085000000004,10,1,8.57627928155624,11.4668036603123,"AlignWeight",1
"152","9",50,0,0.01,10,7,1,1,5,10,0.6,1,1,2,1,20,1,1,10,NA,NA,0,0,6.46535472047811,6.85560164226943,"AlignWeight",0
"153","1",1,0,0.01,10,7,1,1,5,10,0.6,1,1,2,1,50,1,1,10,279.340999999891,286.374999999885,10,1,17.1931045725841,14.4437623889013,"AlignWeight",1
"153","10",2,0,0.01,10,7,1,1,5,10,0.6,1,1,2,1,50,1,1,10,290.832999999881,293.304999999878,10,1,11.850527098698,12.5578804701499,"AlignWeight",1
"153","11",3,0,0.01,10,7,1,1,5,10,0.6,1,1,2,1,50,1,1,10,93.5960000000109,99.1700000000136,10,1,11.6546101194099,11.6473163285323,"AlignWeight",1
"153","12",4,0,0.01,10,7,1,1,5,10,0.6,1,1,2,1,50,1,1,10,113.372000000021,112.975000000021,10,1,8.17980593849676,13.2092126569801,"AlignWeight",1
"153","13",5,0,0.01,10,7,1,1,5,10,0.6,1,1,2,1,50,1,1,10,127.764000000025,129.225000000027,10,1,12.6946661473066,14.2186799443436,"AlignWeight",1
"153","14",6,0,0.01,10,7,1,1,5,10,0.6,1,1,2,1,50,1,1,10,147.708000000011,147.445000000011,10,1,18.8187424995991,22.9555719763737,"AlignWeight",1
"153","15",7,0,0.01,10,7,1,1,5,10,0.6,1,1,2,1,50,1,1,10,72.0229999999999,71.5399999999997,10,1,7.92821375156035,27.8739766526773,"AlignWeight",1
"153","16",8,0,0.01,10,7,1,1,5,10,0.6,1,1,2,1,50,1,1,10,217.318999999947,216.764999999948,10,1,11.6261683978053,13.1052795435205,"AlignWeight",1
"153","17",9,0,0.01,10,7,1,1,5,10,0.6,1,1,2,1,50,1,1,10,177.424999999984,177.119999999984,10,1,17.5241078239348,18.5269301484475,"AlignWeight",1
"153","18",10,0,0.01,10,7,1,1,5,10,0.6,1,1,2,1,50,1,1,10,NA,NA,0,0,19.7325417649232,9.59522897331325,"AlignWeight",1
"153","19",11,0,0.01,10,7,1,1,5,10,0.6,1,1,2,1,50,1,1,10,267.131999999902,267.099999999902,10,1,18.816343318805,15.4190027316704,"AlignWeight",1
"153","2",12,0,0.01,10,7,1,1,5,10,0.6,1,1,2,1,50,1,1,10,166.851999999993,166.144999999994,10,1,16.5899126072183,17.3921842872215,"AlignWeight",1
"153","20",13,0,0.01,10,7,1,1,5,10,0.6,1,1,2,1,50,1,1,9,214.026666666617,223.549999999942,9,1,10.1598033608944,12.5073062044331,"AlignWeight",1
"153","21",14,0,0.01,10,7,1,1,5,10,0.6,1,1,2,1,50,1,1,10,101.506000000015,100.625000000014,10,1,9.23286306229661,13.3298553113496,"AlignWeight",1
"153","22",15,0,0.01,10,7,1,1,5,10,0.6,1,1,2,1,50,1,1,10,NA,NA,0,0,12.8532479517637,8.24301002036544,"AlignWeight",1
"153","23",16,0,0.01,10,7,1,1,5,10,0.6,1,1,2,1,50,1,1,10,118.455000000024,118.945000000024,10,1,12.4991602320293,22.1233353417494,"AlignWeight",1
"153","24",17,0,0.01,10,7,1,1,5,10,0.6,1,1,2,1,50,1,1,10,142.771000000015,141.565000000016,10,1,18.7840200574719,13.3110474928096,"AlignWeight",1
"153","25",18,0,0.01,10,7,1,1,5,10,0.6,1,1,2,1,50,1,1,10,187.914999999955,244.579999999923,8,0.8,10.5016502075603,9.56259613221108,"AlignWeight",1
"153","26",19,0,0.01,10,7,1,1,5,10,0.6,1,1,2,1,50,1,1,10,279.494999999891,279.304999999891,10,1,12.686854199812,17.2901633602518,"AlignWeight",1
"153","27",20,0,0.01,10,7,1,1,5,10,0.6,1,1,2,1,50,1,1,10,144.550000000014,143.830000000014,10,1,11.5072562500397,13.0705691859782,"AlignWeight",1
"153","28",21,0,0.01,10,7,1,1,5,10,0.6,1,1,2,1,50,1,1,10,73.8400000000009,73.8400000000009,10,1,9.39940679094927,14.1509071427542,"AlignWeight",1
"153","29",22,0,0.01,10,7,1,1,5,10,0.6,1,1,2,1,50,1,1,9,204.292222222181,203.61999999996,9,1,14.018454187826,11.5788389571784,"AlignWeight",1
"153","3",23,0,0.01,10,7,1,1,5,10,0.6,1,1,2,1,50,1,1,10,118.985000000024,118.520000000024,10,1,10.4353625331433,18.3087657165456,"AlignWeight",1
"153","30",24,0,0.01,10,7,1,1,5,10,0.6,1,1,2,1,50,1,1,10,133.702500000013,143.730000000015,4,0.4,16.7000811812643,8.90345119231866,"AlignWeight",1
"153","31",25,0,0.01,10,7,1,1,5,10,0.6,1,1,2,1,50,1,1,10,99.630000000014,99.6250000000141,10,1,10.9440694698264,17.601840880167,"AlignWeight",1
"153","32",26,0,0.01,10,7,1,1,5,10,0.6,1,1,2,1,50,1,1,10,153.065000000006,153.080000000006,10,1,10.6310775511336,12.9683526522513,"AlignWeight",1
"153","33",27,0,0.01,10,7,1,1,5,10,0.6,1,1,2,1,50,1,1,10,82.6150000000054,81.4400000000047,10,1,8.46364272546528,20.9378247952809,"AlignWeight",1
"153","34",28,0,0.01,10,7,1,1,5,10,0.6,1,1,2,1,50,1,1,10,NA,NA,0,0,18.4636526207501,7.39959909244254,"AlignWeight",1
"153","35",29,0,0.01,10,7,1,1,5,10,0.6,1,1,2,1,50,1,1,10,160.485999999995,167.104999999993,10,1,15.3979882068319,18.8684528568257,"AlignWeight",1
"153","36",30,0,0.01,10,7,1,1,5,10,0.6,1,1,2,1,50,1,1,10,153.866000000005,153.790000000005,10,1,13.9635862006502,21.1656905382409,"AlignWeight",1
"153","37",31,0,0.01,10,7,1,1,5,10,0.6,1,1,2,1,50,1,1,10,114.392000000022,113.365000000021,10,1,7.86795271138767,13.701739077072,"AlignWeight",1
"153","38",32,0,0.01,10,7,1,1,5,10,0.6,1,1,2,1,50,1,1,10,163.894999999953,163.649999999953,4,0.4,12.4053535246266,8.13940060450705,"AlignWeight",1
"153","39",33,0,0.01,10,7,1,1,5,10,0.6,1,1,2,1,50,1,1,10,143.294000000015,142.600000000016,10,1,17.678013505612,14.9483304935864,"AlignWeight",1
"153","4",34,0,0.01,10,7,1,1,5,10,0.6,1,1,2,1,50,1,1,10,104.796000000017,104.300000000016,10,1,9.58926566843204,18.626678858696,"AlignWeight",1
"153","40",35,0,0.01,10,7,1,1,5,10,0.6,1,1,2,1,50,1,1,10,134.673000000011,145.535000000013,10,1,15.7561990763157,12.876752326058,"AlignWeight",1
"153","41",36,0,0.01,10,7,1,1,5,10,0.6,1,1,2,1,50,1,1,10,126.549000000018,134.800000000023,10,1,16.6170380245286,12.7229165352354,"AlignWeight",1
"153","42",37,0,0.01,10,7,1,1,5,10,0.6,1,1,2,1,50,1,1,10,168.606999999992,168.559999999992,10,1,8.9232830033713,17.166232554895,"AlignWeight",1
"153","43",38,0,0.01,10,7,1,1,5,10,0.6,1,1,2,1,50,1,1,10,126.975000000027,126.485000000027,10,1,19.024148716674,12.9454028057436,"AlignWeight",1
"153","44",39,0,0.01,10,7,1,1,5,10,0.6,1,1,2,1,50,1,1,10,200.811999999962,200.379999999963,10,1,12.3520499460606,13.9715017219371,"AlignWeight",1
"153","45",40,0,0.01,10,7,1,1,5,10,0.6,1,1,2,1,50,1,1,10,134.957000000013,141.455000000016,10,1,31.7083505360069,15.0294297067627,"AlignWeight",1
"153","46",41,0,0.01,10,7,1,1,5,10,0.6,1,1,2,1,50,1,1,10,134.548000000022,134.690000000023,10,1,12.3117625012944,15.5538058853556,"AlignWeight",1
"153","47",42,0,0.01,10,7,1,1,5,10,0.6,1,1,2,1,50,1,1,10,101.924000000015,102.050000000015,5,0.5,9.88852940488516,8.3111138969958,"AlignWeight",1
"153","48",43,0,0.01,10,7,1,1,5,10,0.6,1,1,2,1,50,1,1,10,201.195999999962,201.059999999962,10,1,17.036785037599,17.2759986936492,"AlignWeight",1
"153","49",44,0,0.01,10,7,1,1,5,10,0.6,1,1,2,1,50,1,1,10,147.001666666652,102.400000000015,6,0.6,13.8660050492374,8.65278001916446,"AlignWeight",1
"153","5",45,0,0.01,10,7,1,1,5,10,0.6,1,1,2,1,50,1,1,10,111.251111111131,110.77000000002,9,0.9,8.46361875361624,17.368257787225,"AlignWeight",1
"153","50",46,0,0.01,10,7,1,1,5,10,0.6,1,1,2,1,50,1,1,4,NA,NA,0,0,6.93194704735217,6.15532789367203,"AlignWeight",0
"153","6",47,0,0.01,10,7,1,1,5,10,0.6,1,1,2,1,50,1,1,10,84.6210000000064,84.3750000000063,10,1,9.61080972741588,13.3932931789235,"AlignWeight",1
"153","7",48,0,0.01,10,7,1,1,5,10,0.6,1,1,2,1,50,1,1,10,149.580000000009,149.380000000009,10,1,21.3286247195197,12.5077494642723,"AlignWeight",1
"153","8",49,0,0.01,10,7,1,1,5,10,0.6,1,1,2,1,50,1,1,10,213.154999999951,212.734999999951,10,1,14.3688170376088,19.1381448187586,"AlignWeight",1
"153","9",50,0,0.01,10,7,1,1,5,10,0.6,1,1,2,1,50,1,1,0,NA,NA,0,NA,NA,NA,"AlignWeight",NA
